Blake Mizerany <blake.mizerany@gmail.com>
Lawrence Leonard Gilbert <larry@l2g.to>
<larry@l2g.to> <larry@L2G.to>
Marc-André Cournoyer <macournoyer@gmail.com>
Matthew Manning <matt.manning@gmail.com>
Nicholas Wieland <nicholas.wieland@gmail.com>
Rafael Ssouza <rafael.ssouza@gmail.com>
Richard Schneeman <richard.schneeman@gmail.com>
Rick Olson <technoweenie@gmail.com>
T. Watanabe <wtnabe@wt-srv.watanabe>
